PRJ. ID,PRJ.,COVER MAT,HOUSING MAT,TEARLINE,CUSHION TETHER,CUSHION RADIUS,INTERFACE,FAILURE,FLAPPY MASS,HINGE WIDTH,PLANE,NECK,INFLATOR,WRAPPER,CUSHION FOLDTYPE
1,Changan MK03,TT990,PG8,H,2,690,ASW5,0,2.37E-02,83.459,1,0,ADP 1.3B 210kPa,Y,DRR
2,NIO FORCE V1,TA4003,STEEL,I,2,710,ASW8,0,1.88E-02,57.8,0,1,ADP 1.3B 210kPa,N,DRR
3,NIO FORCE V2,TA4003,STEEL,P,2,710,ASW8,0,1.63E-02,46,0,1,ADP 1.3B 210kPa,N,DRR
4,Ford CDX707,TT990,STEEL,I,3,650,ASW8,1,1.73E-02,40.56,1,1,ADP 1.3B 210kPa,N,DRR
5,GLY EX11 V4,TT1081,STEEL,H,2,700,ASW3,1,2.33E-02,60,0,1,ADP 1.3B 210kPa,N,LC3
6,GLY EX11 V1,TT1081,STEEL,H,2,700,ASW3,1,2.63E-02,64.624,0,1,ADP 1.3B 210kPa,Y,LC3
7,P3011 V1,TT1081,STEEL,H,3,700,ASW8,1,2.91E-02,79.3,0,1,ADP 1.3B 200kPa,N,LC3
11,GLY EX11 V1 TRIAL,TT1081,STEEL,H,2,680,ASW3,0,2.41E-02,63.9,1,1,ADP 1.3B 210kPa,Y,LC3
12,Lotus Gamma2 V2,TT1081,STEEL,P,2,680,ASW3,1,1.99E-02,50.291,0,1,ADP 1.3B 210kPa,N,LC3
13,Lotus Gamma2 ,TT1081,STEEL,P,2,680,ASW3,1,1.77E-02,44.372,0,1,ADP 1.3B 210kPa,N,LC3
17,Ford CD542 V42,TT990,PG8,H,2,660,ASW5,0,2.61E-02,59.963,1,1,ADP 1.3B 210kPa,Y,DRR
18,Ford CD542 V5,TT990,PG8,P,2,660,ASW5,0,1.67E-02,47.894,1,0,ADP 1.3B 210kPa,Y,DRR
19,GWM V61,TT1081,STEEL,P,3,690,ASW8,0,1.85E-02,63.169,1,0,ADP 1.3B 210kPa,N,LC3
20,CHB071 ILLUMINATED EMBLEM,TT1081,STEEL,I,3,690,ASW3,1,2.90E-02,65.233,0,1,ADP 1.3B 210kPa,N,LC3
21,CHERY T1D,TA4003,STEEL,H,3,680,ASW5,0,2.10E-02,78,1,1,ADP 1.3B 210kPa,Y,DRR
22,SAILIN AM132 AL,TA4003,STEEL,H,3,680,ASW3,0,1.99E-02,69.468,1,1,ADP 1.3B 210kPa,Y,DRR
23,SAILIN AM132 T45,TA4003,STEEL,H,3,680,ASW3,0,2.42E-02,69.468,1,1,ADP 1.3B 210kPa,Y,DRR
24,BAOJUN CN202,TA4003,PG8,H,3,680,ASW5,0,2.87E-02,87.963,1,1,ADP 1.3B 210kPa,Y,DRR
25,VW B8L  190902,TT1081,STEEL,H,3,700,ASW3,1,3.27E-02,51.7,1,1,ADP 1.3B 210kPa,Y,LC3
26,GWM B01 H,TT1081,STEEL,H,3,700,ASW8,0,2.06E-02,73.598,1,1,ADP 1.3B 210kPa,Y,RC1
27,Daimler V5,TT1081,STEEL,H,3,700,ASW5,0,2.22E-02,58.588,0,0,ADP 1.3B 210kPa,N,RC1
28,GLY DC1E V711,TT1081,STEEL,H,2,700,ASW3,1,2.69E-02,35.552,1,1,ADP 1.3B 210kPa,Y,LC3
29,GLY DC1E V8,TT1081,STEEL,H,2,700,ASW3,1,2.52E-02,63.435,0,1,ADP 1.3B 210kPa,Y,LC3
30,GWM A01,TT1081,STEEL,H,2,690,ASW8,0,2.04E-02,73.598,1,1,ADP 1.3B 210kPa,N,LC3
31,HONDA 2YC V1,TT1081,STEEL,I,3,680,ASW3,1,2.88E-02,59.2,0,1,ADP 1.3B 210kPa,Y,DRR
32,HONDA 2YC V1,TT990,STEEL,I,3,680,ASW3,0,2.88E-02,59.2,0,1,ADP 1.3B 210kPa,Y,DRR
33,HONDA 2YC V1,TA4003,STEEL,I,3,680,ASW3,0,2.88E-02,59.2,0,1,ADP 1.3B 210kPa,Y,DRR
34,MITSUBISH DG,TT1081,STEEL,P,0,590,ASW8,0,2.22E-02,56.487,1,1,ADP 1.3B 210kPa,N,LC3
35,GDP Illuminated emblem,TT1081,PG8,H,3,690,ASW5,1,3.36E-02,74.1,1,1,ADP 1.3B 210kPa,N,LC3
36,GDP Illuminated emblem,TT1081,PG8,H,3,690,ASW5,1,3.36E-02,74.1,1,1,ADP 1.3B 210kPa,Y,LC3